idCliente ;Nombre;Apellido;Correo
;Florencia ;Guardia;nisi.cum.sociis@protonmail.edu
;Noa ;Guitart ;ut.lacus@google.net
;Febe;Badaa ;velit.justo.nec@outlook.couk
;Alejo ;Matas;mauris.ut@yahoo.couk
;Alma ;Madrid ;auctor@protonmail.org
;Bonifacio ;Lastra;suspendisse.commodo@google.com
;Noelia ;Jadar;non.lacinia.at@yahoo.net
;Daniela;Camino;suspendisse.sed@hotmail.net
;Modesto ;aguila;id@google.couk
;Cipriano ;Saldaaa;magna.sed@outlook.ca
;Paulina ;Benavides;odio.semper@google.ca
;Pepe ;Galvan ;neque.non@google.com
;Antonio  ;Ayuso;urna.justo.faucibus@outlook.couk
;Eutropio ;Matas;vivamus.nibh.dolor@protonmail.org
;Luis ;Benito;facilisi.sed.neque@yahoo.com
;Dafne;Herrera;id@aol.ca
;Leandra ;Sancho ;vestibulum@yahoo.com
;Ainara ;Zorrilla;risus.donec@icloud.edu
;Gervasio ;Revilla;mattis.cras.eget@icloud.edu
;Pablo;Villegas;phasellus.at@aol.ca
;Adolfo ;Redondo;vel@google.edu
;adgar;Sala;suspendisse.non.leo@protonmail.ca
;Valentina;Jaume;senectus@outlook.com
;Antonio ;Carrasco;scelerisque.neque@hotmail.ca
;Tomas;Ros;diam.luctus@yahoo.couk
;Elvira;Sala;lorem.ut@outlook.com
;Martina ;alamo;tellus.nunc@protonmail.com
;Macarena  ;Serrano;at@outlook.org
;Eva ;Olivera;integer.tincidunt@google.net
;Laura;Gallego;in@protonmail.couk
;Juan;Casanova;augue.sed.molestie@aol.couk
;Palmira ;Ponce;felis.nulla@icloud.com
;Juana;Solas;donec.est.mauris@aol.couk
;Lucas ;Calderan;in.consectetuer@icloud.edu
;Pedro;Leon;a.odio@protonmail.couk
;Vanesa ;Suarez;sollicitudin@aol.ca
;Luis ;Solas;et.pede@hotmail.com
;Candela;Peaa;donec.vitae@aol.edu
;Eusebio ;Baran;donec.egestas@aol.net
;angel ;Figueroa;sed.congue@outlook.couk
;Alondra ;Ferran;ac.libero@yahoo.couk
;Teodoro;Fuente;massa@aol.ca
;Isaac ;Alcazar;magnis.dis.parturient@outlook.net
;Victorino ;Montes;consequat.auctor@outlook.couk
;Isidora ;Moles ;vestibulum@google.edu
;Marcos;Ferran;a.tortor@yahoo.com
;Alejandro;Herrera;ac.ipsum@protonmail.com
;Humberto ;Peira;cursus.nunc.mauris@google.net
;Nico ;Buendaa;neque.nullam@google.com
;Saloman ;Palmer;phasellus.nulla@google.couk
;Paco; Bolaaos;in@yahoo.net
;Adelina ;Olivares;purus.sapien@google.edu
;Yago;Alcazar;non.leo@yahoo.net
;Luis ;Lopez;dolor@protonmail.couk
;Sol;Badaa ;non.lobortis@aol.org
;Jose;Campo;ipsum.dolor@icloud.couk
;Victoria ;Villena;tellus.non@hotmail.ca
;Consuelo ;Ayala;euismod.urna@google.net
;Oliva ;Campillo;amet.ornare.lectus@google.couk
;Clarisa ;Fabregas;natoque.penatibus@google.edu
;Eugenio;Bermudez;phasellus.dapibus@google.couk
;Azucena ;Barranco;nec.quam.curabitur@icloud.ca
;Anna  ;Canet;mauris@hotmail.net
;Luz;Alegre;et.magna.praesent@aol.com
;Pedro;Fabregas;mollis@yahoo.org
;Paula;Campo;parturient@yahoo.edu
;Julia ;Barco;eu.odio@aol.com
;Joaquin;Salamanca;justo.sit@protonmail.edu
;Jenny ;Diaz;quis.pede@aol.org
;Desiderio ;Segura;cursus.integer@aol.edu
;Maxi ;Escudero;nisi.dictum@google.com
;Emilia;Aguila;lobortis@google.edu
;Carlos;Hernando;nibh.enim.gravida@google.org
;Emilia;Barrios;nunc.ut@outlook.com
;Donato ;Sanmiguel;sed.dui@icloud.net
;Hactor;Escudero;nonummy.ut@google.edu
;Roman;Solas;ac.mi.eleifend@outlook.couk
;Raal;Coronado;sit.amet@protonmail.org
;Isidro;Gallardo;orci.lacus@google.com
;Daniela;Martan;ornare.in@hotmail.com
;Chus;Piaol;et@icloud.ca
;Casar;Ortuao;cursus@yahoo.net
;Celeste;Parejo;ac@google.ca
;Alma ;Melero;urna@outlook.org
;Amaya;Huertas;pharetra.sed@google.edu
;Maribel ;Polo;lobortis@icloud.org
;Cleto;Toma;urna.suscipit@outlook.com
;Carlos;Keillor;ultrices.sit.amet@yahoo.couk
;Natalia;Ibaaez;imperdiet.non@outlook.ca
;Leo;Casanova;neque@icloud.com
;Bonifacio ;Badaa ;odio.aliquam@protonmail.net
;Emigdio ;Gomez;elit.fermentum@hotmail.org
;Hugo;Prado;ipsum.non@protonmail.net
;Sebastian;Matas;conubia.nostra@outlook.edu
;Fito;Carrillo;diam.sed@aol.couk
;Rosa;Montes;pellentesque.ut@google.com
;Diana;Sola;ornare.elit@hotmail.ca
;Alcides;Villaverde;sed.diam.lorem@outlook.com
;Paz;Carrillo;iaculis.enim@hotmail.org
;Maxi ;Tovar;odio.sagittis.semper@icloud.ca
